标题,好评,差评,图片,标签
妹子这腰功还不错哦,38,15,http://z.aisaiya.com/gif/202006/small25b2036b35ed80e86fa12af45b9e0ed6.gif,妹子
活吃章鱼男!韩国男旅游到了越南，给朋友们表演活吃章鱼的特技,10,107,http://z.aisaiya.com/gif/202006/small730414c530a7f90595aa1c4d57963773.gif,章鱼
怪脸羊,15,9,http://z.aisaiya.com/gif/202006/smallc7f12fa8543845a32980e6ca7711e3b5.gif,羊
这样还有什么可挑剔的吗,58,85,http://z.aisaiya.com/gif/202006/smallc59d25ef472532c18592c489cac3f650.gif,福利
深水炸弹,56,21,http://z.aisaiya.com/gif/202006/small01813b7b85a1e2e664c282abb217baef.gif,胖子
在宇宙空间站生活了197天后回到地球的宇航员，走路都变得很困难,47,17,http://z.aisaiya.com/gif/202006/small14ccd245df14efaeb8881f66bc8b8b5b.gif,伤不起
我觉得，这个器材，她正确的用错了,82,12,http://z.aisaiya.com/gif/202006/small6d567748f06a13f9f8fe7d5a035c2377.gif,内涵
这是要把知识装进脑子里吗,54,10,http://z.aisaiya.com/gif/202006/small683a7de0ae72611938b96fc1196a7ee8.gif,熊孩子
笑什么，你上你也抖,41,13,http://z.aisaiya.com/gif/202006/a97cc9787191f02c7be4142f43fd7890.gif,逗比
一个让你毫无食欲的蛋糕,25,18,http://z.aisaiya.com/gif/202006/638c6a0db2337afd46998de4ec51d7dd.gif,重口味
好吃到手舞足蹈,46,56,http://z.aisaiya.com/gif/202006/smallbf5f26222e8dc38c5bb81ca7b08e6157.gif,青蛙
说好的徒手搏击，你竟然作弊,31,23,http://z.aisaiya.com/gif/202006/0b6b2c3abd55a8e4bae8d69d1bdfa99e.gif,打架
搬山卸岭发丘摸金，鸡鸣灯灭不摸金，你用挖机掘坟，坏了祖宗的规矩,28,11,http://z.aisaiya.com/gif/202006/6c34d077e1442f2a17872af4190fb6f2.gif,不明觉厉
卧槽，羡慕他男朋友,122,12,http://z.aisaiya.com/gif/202006/smalla36527bde66a39c11d38363935153da7.gif,卧槽
果然还是医院无线网好用,16,8,http://z.aisaiya.com/gif/202006/4f34a83458024531acb383ec92a21ad1.gif,二货
真正的男女平等了,15,9,http://z.aisaiya.com/gif/202006/e7215b4dbe69c26fb276bf616b15652e.gif,
刚好能对上……天生一对,48,12,http://z.aisaiya.com/gif/202006/small6bcfbfa019a9dfbc7514cfb02685897f.gif,逗比
这一刻，珍妮知道自己必须嫁给比利,63,25,http://z.aisaiya.com/gif/202006/smalld1157b24388c7ace4ff1b783d2a95eb5.gif,邪恶
这个表演看起来就不会有被骗钱的感觉了,20,48,http://z.aisaiya.com/gif/202006/b057562296aff80a125e2b6da798204d.gif,福利
这个职业哪里可以应聘？,56,14,http://z.aisaiya.com/gif/202006/smalle1a468775d864cb79dd668dd2ee531ad.gif,福利
我在对面椅子上都坐一天了，太累人了！,47,25,http://z.aisaiya.com/gif/202006/small7af1fb440786508de7af5e11ae4df8ba.gif,奇葩
姑娘的身材确实有点尴尬了，被卡住了,27,19,http://z.aisaiya.com/gif/202006/small42880f20ca8ed807d069cd8e9ca59c84.gif,尴尬
大地震时的游泳池,46,14,http://z.aisaiya.com/gif/202006/small750d386c22aaecf9e8871012e926ea49.gif,吓尿了
你大爷还是你大爷，不服来战！,30,18,http://z.aisaiya.com/gif/202006/smallac38633f12ae895ddda27b4e7481f45c.gif,大爷
一只误入电梯的鸽子。。,21,9,http://z.aisaiya.com/gif/202006/smalle015c19668ba678103d76f1579c4d3cf.gif,鸽子
表妹，别跳了，这帐篷支的老大了！,29,22,http://z.aisaiya.com/gif/202006/smallc2dbf6d0cfeb85b3306c83d77e5b27ba.gif,
这个腿是后来安装上去的？,19,22,http://z.aisaiya.com/gif/202006/smallcf7d2210ffcb54fe79bae2b0e52ed3ca.gif,不明觉厉
像这种身材好颜值高的妹子，一般都是单身,35,23,http://z.aisaiya.com/gif/202006/small38b0751cfacf5fbdbed17f36d25c959a.gif,
这年头上班真心不容易啊，看看姑娘们就知道了，还要爬墙头啊,16,16,http://z.aisaiya.com/gif/202006/smallbca67132dcca170466d3c3e86d805b6a.gif,伤不起
这就是平时拧不开瓶盖的女孩纸,36,28,http://z.aisaiya.com/gif/202006/fc9aadfdcb9ef0edaca47d1e0a736faf.gif,伤不起
知道对付僵尸为什么要画符了吧,73,20,http://z.aisaiya.com/gif/202006/0d3cf98a3fe9974082af8e9455224c4a.gif,喵星人
我知道，这是非物质文化遗产，泼水节,39,8,http://z.aisaiya.com/gif/202006/e2c5241700c1224ccb143bbbedbf7621.gif,打架
解气，不守规则的人应该要自食其果,101,7,http://z.aisaiya.com/gif/202006/smallbdde9e677e5654acc5cf5e9115b7694a.gif,
完全不能集中注意力的美食节目！,53,19,http://z.aisaiya.com/gif/202006/small558037b5737e0a5b482f5a4101413ea4.gif,福利
魂淡！快抱他下来啊！,34,9,http://z.aisaiya.com/gif/202006/4ba924b5b730276cfc0c19838ca362c2.gif,汪星人
鳄鱼把斑马的脸咬下来了,28,228,http://z.aisaiya.com/gif/202006/small046da2f4642f642726be7a7688d91726.gif,鳄鱼
完了完了，这下完了,117,21,http://z.aisaiya.com/gif/202006/small4efcaea4bc701d397ec51b447767d9e7.gif,蛇
厉害啊，这个箱子成精了,50,11,http://z.aisaiya.com/gif/202006/small0cab46f4b517571dd6c082253056eede.gif,不明觉厉
妹子：你想打我可以直说,26,19,http://z.aisaiya.com/gif/202006/smallc36d3483664ea95861c7838e6665098f.gif,万万没想到
这么整媳妇，医院wifi快吗,15,28,http://z.aisaiya.com/gif/202006/small7c74e2a556de35cecfd12478796525b2.gif,整人
我女朋友天天这样玩命练，我该怎么办？,46,23,http://z.aisaiya.com/gif/202006/e3274938768d7412c6cbfc133a73b8d6.gif,伤不起
女生为什么喜欢练瑜伽，你懂不懂,33,22,http://z.aisaiya.com/gif/202006/d953c458cacf5ae0c9a3a52d0b887cb5.gif,福利
丈母娘打电话问我做什么工作的，怎么回答才能显得高大上点？,22,9,http://z.aisaiya.com/gif/202006/e4da94b52777ea3ef94d1b15bc5fcb87.gif,逗比
大哥你真是个狠人...,40,7,http://z.aisaiya.com/gif/202006/79160b528b587e0c5a4680388d3a5c5d.gif,不忍直视
这是一张男生都懂的gif图片,73,8,http://z.aisaiya.com/gif/202006/39b99cae6a9dbacb365bf530270e31a7.gif,内涵
这就是妈妈口中说的 ：猪狗朋,24,12,http://z.aisaiya.com/gif/202006/small7f18e41a9d303df62c96cea7a325cc09.gif,猪
男朋友喜欢各种鸟类，然后。。,28,14,http://z.aisaiya.com/gif/202006/1234cfcdc3796b621899a418b1462718.gif,奇葩
死也要崩你一脸血，是个好瓜,63,12,http://z.aisaiya.com/gif/202005/small6abe2f6515d5635f21df073620726dae.gif,不作死就不会死
666，请加大推广力度,123,7,http://z.aisaiya.com/gif/202005/smallf7678c303decd589ad249df39d5a2cd2.gif,
跳得一般，但腿真漂亮,28,12,http://z.aisaiya.com/gif/202005/smallaa576c550d3962e7f690376b636be828.gif,福利
产品经理以为说清楚了，而程序员也以为理解到位,23,8,http://z.aisaiya.com/gif/202005/small4a17882b44d8565f1e2a5e28d3f71a02.gif,奇葩
私房钱还是被发现了，年关难过啊 ！,27,13,http://z.aisaiya.com/gif/202005/smallf82dff5f492fc82327ad285a2dcada87.gif,不忍直视
剧情有了，你们来配下文字,14,10,http://z.aisaiya.com/gif/202005/smallb6ab6b117cf314c127051fa44d23df57.gif,
据说男人看了会沉默女人看了会流泪...而你却在哈哈哈,14,71,http://z.aisaiya.com/gif/202005/7e022674be5208ab84f760daff4f8f9f.gif,内涵
或许真的是因为爱情…,7,114,http://z.aisaiya.com/gif/202005/8f0ad3a17df39010f9ddc723c3e46e27.gif,
这个东西在你们那叫什么？,29,9,http://z.aisaiya.com/gif/202005/a1c2bbb5c6bc100402d69af3687c37f8.gif,
好美，可惜不是我的,29,10,http://z.aisaiya.com/gif/202005/smalla3f1626f44d92c5b4176ef761f05fd4e.gif,福利
我女朋友怎么样？,24,33,http://z.aisaiya.com/gif/202005/small5ba5b3f9641156bb686a1790ebdd249a.gif,奇葩
买一次西瓜送一次勺子，这得浪费多少钢材？,16,9,http://z.aisaiya.com/gif/202005/small081cc7c863f6df5bc049fc7aec68cbee.gif,西瓜
肥宅的夏天是什么样的？,26,10,http://z.aisaiya.com/gif/202005/small08bc60c1c8eb78328b01195b04013520.gif,城会玩
拍照鬼才,13,13,http://z.aisaiya.com/gif/202005/smallf1299a1d6e1e6fffb98de04468aae704.gif,城会玩
和女朋友玩跳山羊。。,16,14,http://z.aisaiya.com/gif/202005/small4b9dded1cb9524bd667e29471ba3ff38.gif,整人
男生之间的默契,67,4,http://z.aisaiya.com/gif/202005/small8a0d8f9795b641bf5a3b25d350bfff98.gif,
土灶糯米大锅巴，真的好想来一口啊！,14,8,http://z.aisaiya.com/gif/202005/small529bd62f94ca58236f9122f3bfe83796.gif,
去游个泳结果引来了一群鸭子......,36,11,http://z.aisaiya.com/gif/202005/small32dbf38d265f7ad747fa73889dad3b0d.gif,鸭子
你笑就笑吧，打什么鸣？,12,8,http://z.aisaiya.com/gif/202005/small2dc25efc3155818b607de683542bc308.gif,逗比
翻滚吧，虫子，哦，不，妹子！,9,11,http://z.aisaiya.com/gif/202005/small667769481cca4ab28a29041ee8defda2.gif,妹子
简直黑到没朋友，实在是太可爱了！！！,65,62,http://z.aisaiya.com/gif/202005/smalld727d1420373b3c039de4dca58b718c3.gif,萌萌哒
这应该是在练腰吧？,26,21,http://z.aisaiya.com/gif/202005/smalle6da18d968ae54c0bdec552fe91cd0ba.gif,内涵
婚后两年春节的男人....真实了,21,7,http://z.aisaiya.com/gif/202005/small2815968c7da9872e4e63c5dba0f7a143.gif,内涵
差点烧了头发,11,12,http://z.aisaiya.com/gif/202005/small4d3daca389a43f482948a8aec5f6f0c0.gif,伤不起
作为一个男生，我感觉小姐姐臂力惊人，这波操作我绝对做不到。,18,16,http://z.aisaiya.com/gif/202005/small01f50da14e4a5b8fef4fdfcd18057f0c.gif,牛逼
姑娘的摇头舞隔着屏幕，我都看晕了,10,12,http://z.aisaiya.com/gif/202005/small0726578a9391afa5ef0996c222b6236a.gif,妹子
姑娘们，这是什么操作？跳舞还是特技表演？,7,11,http://z.aisaiya.com/gif/202005/small340b854ef44252eb423190c23231de3c.gif,牛逼
大叔，你这发型很飘逸啊,24,7,http://z.aisaiya.com/gif/202005/small7e1afd3f279c3b04bb14160a2607bc9a.gif,
不敢看不敢看,13,9,http://z.aisaiya.com/gif/202005/smallbace8741a28ef2a59a055f764be8acc6.gif,伤不起
孩子，你们这招是跟谁学的,56,8,http://z.aisaiya.com/gif/202005/smallcb578d0c752a822c5694b7aa873591f3.gif,熊孩子
把脸蒙起来我们看啥,19,18,http://z.aisaiya.com/gif/202005/small89283311e088c7ca44e18145a7e84adf.gif,福利
这景色让人感到不详,8,5,http://z.aisaiya.com/gif/202005/small3b39731f76b915889d1d94ecdd0e0154.gif,不明觉厉
停车场碰碰车,12,11,http://z.aisaiya.com/gif/202005/small2bf144a0c35dbbbb9d8d192c5830e462.gif,奇葩
印度大叔对洗手液可能有什么误解,12,6,http://z.aisaiya.com/gif/202005/small015fcdd36418eeb2fa09f4493723622f.gif,国外
这位妹子看起来今天很高兴，走路都有点飘了,16,14,http://z.aisaiya.com/gif/202005/smalle6f025f7b941db77ab7343a107afa3f8.gif,
？？？这猫怎么回事啊！,11,10,http://z.aisaiya.com/gif/202005/small267d1e969497729a2935d76db9cdc80a.gif,喵星人
天生没手的婴儿，产检真的这么困难吗？,19,26,http://z.aisaiya.com/gif/202005/small569e291be78cc239ccc95ec74c3405ec.gif,伤不起
南方的蚊子像在打仗,13,10,http://z.aisaiya.com/gif/202005/smallbfd69f2b5398e8184d317eff2d2c8d9b.gif,
太受欢迎，与两只科摩多巨蜥展开的三角关系,6,15,http://z.aisaiya.com/gif/202005/smalladc7f7e7b2a58f07535f1db614b10cd5.gif,猎奇
跟开着车的人吵架，最好躲在安全的地方,12,8,http://z.aisaiya.com/gif/202005/small68280c9d122a215c2a5220e640a31286.gif,
30年吸烟史的60岁病人的肺！经诊断，似乎是肺腺癌,16,24,http://z.aisaiya.com/gif/202005/small40a97242f5ba8076cb491759718c5328.gif,不忍直视
小短腿是不是有很多问号,34,18,http://z.aisaiya.com/gif/202005/small3ac72ededd9ec24288c3758ee8b368e4.gif,妹子
五官清秀，很漂亮的小姐姐,19,12,http://z.aisaiya.com/gif/202005/small032bd085b7b2e4fa604383545f89bec1.gif,抖动美女胸部
女儿：我不想再看见这种情况发生,29,11,http://z.aisaiya.com/gif/202005/small7e553d5146e4994e11d5dd9d7c541e98.gif,尴尬
液压机和锤子的较量....,18,6,http://z.aisaiya.com/gif/202005/small64d0bcea205c24b3adcc0ba29a22f65e.gif,
被打扰的午饭,18,15,http://z.aisaiya.com/gif/202005/small3f54bd8f6901ebc0d7b9719c42ce5f0d.gif,猪
老烟民的肺,53,52,http://z.aisaiya.com/gif/202005/small3d52428966e8c985d9d9fa2ac56e9599.gif,重口味
自动人工呼吸机，救命，有用！,34,43,http://z.aisaiya.com/gif/202005/smalleefb1d8c567d9cb1ae707c9a09da54fa.gif,不明觉厉
学舞蹈真不容易,40,13,http://z.aisaiya.com/gif/202005/small9b336b74e09e67975ab6eeda9bd6e698.gif,
老哥，你的乘客掉了，不知当说不当说,26,8,http://z.aisaiya.com/gif/202005/smalle453498a2309f00869e7849a1d963a99.gif,牛
大风天，走在塑料板子上的后果,24,12,http://z.aisaiya.com/gif/202005/small9eb6a762235ca637fcbf0cd018d0351e.gif,伤不起
近处欣赏下蛋,36,75,http://z.aisaiya.com/gif/202005/smallc43e90eb8611bf92a3fe15a67e1084ce.gif,
狮子活生生将疣猪的两颗蛋蛋咬下来吃了。,58,33,http://z.aisaiya.com/gif/202005/smalla07609310fb1e01bc786e2aa7727f520.gif,猎奇
教你如何上厕所不用纸,31,14,http://z.aisaiya.com/gif/202005/small8bd102ee32ca1ae7f03c370d5746ddd3.gif,涨姿势
本来我以为是武术技巧，原来真的是武术技巧，学到了！,17,10,http://z.aisaiya.com/gif/202005/small897c1aa17039f53732300956d6c0354e.gif,不作死就不会死
帝王蝎vs大黄蜂，胜负只在一瞬间,11,9,http://z.aisaiya.com/gif/202005/smallf720b23816b0280863518a12228787f2.gif,猎奇
这一刻比利知道他必须娶珍妮为妻,19,19,http://z.aisaiya.com/gif/202005/small6174d535cbc8bbcd276fd5abb3211087.gif,内涵
千万千万不要惹村头的狗,17,7,http://z.aisaiya.com/gif/202005/small81c88dfdb53bb01b4609418a05d5beac.gif,汪星人
教大家一个快速缓解疲劳的运动动作,12,21,http://z.aisaiya.com/gif/202005/smalldb41e28aac01a06ec0d9efe18585438f.gif,卧槽
论户外玩手机的危害性,36,10,http://z.aisaiya.com/gif/202005/small6ee1ab60dd09f1e1134babbcdc81df11.gif,坑爹啊
如果你每次开纸巾都会不小心撕破包装，不如试试这么开,20,13,http://z.aisaiya.com/gif/202005/small8a757f12b7fb43ba7620b2f5ac354118.gif,神技术
听到男朋友说想要的你,31,13,http://z.aisaiya.com/gif/202005/smallaef14aa807f1fe700b303c292ae8b93e.gif,猴子
还以为是大姐是要把小伙儿推下去,41,9,http://z.aisaiya.com/gif/202005/smalled6db45d859513954de775ac1ba2b2cf.gif,
很形象的表达了脚踏两只船的危险性！,25,10,http://z.aisaiya.com/gif/202005/small72e13c6abc0867f58c9e9864e6f1eb0e.gif,涨姿势
医院WiFi真的挺不错！,15,14,http://z.aisaiya.com/gif/202005/small52be249f776901f94482b183520b35c4.gif,万万没想到
说出来你可能不信，我的师父叫欧阳锋,12,13,http://z.aisaiya.com/gif/202005/smalld25177a344d8189e6665e142263645f1.gif,熊孩子
蛇肚子的蜥蜴还没死,10,7,http://z.aisaiya.com/gif/202005/small629ff2b22b64407018df3063028322a3.gif,蛇
送餐小哥表示很害怕,19,10,http://z.aisaiya.com/gif/202005/smalle5317f66a6f87e71308cb8098017b50d.gif,打架
有句话怎么说来着！,28,25,http://z.aisaiya.com/gif/202005/small27f26d79b0abb7ea43c5ff4e2230f4f0.gif,不忍直视
桌上的饭菜我有点想过去吃,35,28,http://z.aisaiya.com/gif/202005/smallafe2b5a163f469ad1c1dc00e90b1a80e.gif,福利
狠人对待胡子,16,11,http://z.aisaiya.com/gif/202005/small43f251405e8a6a443d6b9dcff163bdb5.gif,不忍直视
只问你一句，想盘吗？,13,7,http://z.aisaiya.com/gif/202005/smallb99fe9e554a68fa62f1eea3bf375901f.gif,福利
你所在的团队，有酱的信任吗？,37,5,http://z.aisaiya.com/gif/202005/smallca2483327adfbbfb09e2cad2703bc59b.gif,城会玩
事实证明女人真的是祸害！,15,10,http://z.aisaiya.com/gif/202005/small7ba206031e294ae5672b092436c5ad58.gif,坑爹啊
为了拍这个，这是在这蹲了多长时间了？,13,14,http://z.aisaiya.com/gif/202005/smallb3abc5bb9cd37ff94cdf68d303cac915.gif,坑爹啊
上厕所不用纸~萌宠清洁！,14,14,http://z.aisaiya.com/gif/202005/smallc4cb99544d1c903e65d8dedd911df97b.gif,卧槽
本来我以为是武术技巧，原来真的是武术技巧，学到了,16,15,http://z.aisaiya.com/gif/202005/small210461e84491268956cd6081bb6d3c96.gif,妹子
你所在的团队，有酱的信任吗,24,15,http://z.aisaiya.com/gif/202005/smalle510a11ac56ce06ac19cff7e231e0ad4.gif,
有没眼尖的老铁，看看妹子这是拔了个啥,28,11,http://z.aisaiya.com/gif/202005/small00c0e89ffaab6ab6adf021697a04211e.gif,妹子
舞台上美女，这样你有抵抗力吗,24,18,http://z.aisaiya.com/gif/202005/small4cbfb667263e969a562a23487f355c5d.gif,卖萌
旗袍女怎么看都好看,13,14,http://z.aisaiya.com/gif/202005/small1c8d23bc5846033a084c8f05f2c22e2e.gif,妹子
墨镜一戴，谁也不爱吗,21,25,http://z.aisaiya.com/gif/202005/smallc929ad98ad0c0ab336ca4227edc55ad0.gif,妹子
女生做俯卧撑能做起来20个就很厉害了,8,11,http://z.aisaiya.com/gif/202005/small297971ddd013549584791dc75c8f5ae9.gif,妹子
这样可爱了吧,10,16,http://z.aisaiya.com/gif/202005/smallef354bc68b5b29b869caa017b8233455.gif,
网友：和女朋友视频，朋友都说我被绿了,93,49,http://z.aisaiya.com/gif/202005/smallfeb92ac9757792f94c94c6cbc9090e4d.gif,内涵
这又是锻炼的什么部位,18,13,http://z.aisaiya.com/gif/202005/small2c98dd0755e502a71cb1604871a1a273.gif,不明觉厉
这街头恶搞太可气了！妹子好尴尬哦！,38,9,http://z.aisaiya.com/gif/202005/small00aec72ff60a25c37d21b6e923738d40.gif,尴尬
这个卧铺车厢就我们两个，该怎么打招呼呢？？,28,11,http://z.aisaiya.com/gif/202005/small5f1b112f1db95658d6147931b2dc6cc1.gif,妹子
真的有这么丝滑吗？好想玩！,15,9,http://z.aisaiya.com/gif/202005/small53486d78a1d95e383ffea97c38b835e4.gif,好玩的
为我的老年生活捏一把汗！,17,8,http://z.aisaiya.com/gif/202005/small298d13c9a68d93046f75d1a3ddea7fd4.gif,牛逼
不管你在外面开什么车，回家必须给我干农活,12,24,http://z.aisaiya.com/gif/202005/smallbe714f4b934055891dde4a9e7ff47920.gif,
意外的屁,48,11,http://z.aisaiya.com/gif/202005/small88229bad4db7a8a8af222535ea67bb1f.gif,尴尬
街头篮球,21,13,http://z.aisaiya.com/gif/202005/smallb7fec11ea7700f6be27d7e99502534d1.gif,不忍直视
摇头晃脑的可爱了,80,79,http://z.aisaiya.com/gif/202005/smallbe53da12b51b6adb51575e867761922a.gif,抖动美女胸部
看起来有点甜吗大姑凉,72,53,http://z.aisaiya.com/gif/202005/small1cabe044f14521cf6fe5e3bf53a9c196.gif,妹子
给这道美食起个名字吧！俺的内心深处都被玷污拉,40,26,http://z.aisaiya.com/gif/202005/smalld75a9688fffae411b857067677b0df4d.gif,坑爹啊
和小姐姐爬山不会累吧？,35,26,http://z.aisaiya.com/gif/202005/smalleaedcddf29517419f896b7d8dd575f30.gif,福利
这种年纪的女人碰不得吧？,34,42,http://z.aisaiya.com/gif/202005/small67ccd6c661ce70940e5282ee66f093de.gif,卖萌
像极了边走路边看热闹的你,49,12,http://z.aisaiya.com/gif/202005/small812d5346d8917b2bc44bce1a0ea0ced6.gif,
强暴戏的拍摄方法，竟然还有臀模！,65,34,http://z.aisaiya.com/gif/202005/smalle6f58aeb782a6ba29b197b275a6a0758.gif,
说出来你可能不信，一个团的鬼子就这样被灭了,52,13,http://z.aisaiya.com/gif/202005/smalle5768e58aa4747d8f673407c7579291b.gif,
这个马桶怪怪的啊,101,9,http://z.aisaiya.com/gif/202005/small71384e6bb09ca9587238dd326eadbd83.gif,
菇凉这个可乐加冰的动作有点污？,40,15,http://z.aisaiya.com/gif/202005/smallb90d91cd4cc2ae30c41f26c01fb94480.gif,妹子
姐姐突然靠这么近，俺有点惶恐！,31,37,http://z.aisaiya.com/gif/202005/smallf3638279e950dcc024d7d6273ff6286e.gif,妹子
飞檐走壁鼠,186,32,http://z.aisaiya.com/gif/202005/small376becc01e5f67bf3591367514b3e54a.gif,仓鼠
吃个牛排愣是吃出了恐怖片的感觉,26,24,http://z.aisaiya.com/gif/202005/small1dd757b32cd977cc729c67d53b85eab5.gif,妹子
当你的手被502黏住了怎么办？,17,43,http://z.aisaiya.com/gif/202005/smallf7e4ace5c4733dface9c7737d5b1311f.gif,
如何拥有一只橘猫？,39,17,http://z.aisaiya.com/gif/202005/small233b1279a47627b4b72f54a0dd25e52b.gif,喵星人
沙雕动物大赏之跳山羊！,17,13,http://z.aisaiya.com/gif/202005/small8756e93a018a2e81b891d6638fe2255f.gif,羊
美女把球给我，我要回家了（擦鼻血）,54,18,http://z.aisaiya.com/gif/202004/smallc5090d2e8a308b9bff6e9c1302e274b4.gif,福利
想不到狮吼功还有一招大喷嚏,16,6,http://z.aisaiya.com/gif/202004/smalld79f3889368d3a48e85a9f1f62e2ce62.gif,坑爹啊
我和猫咪动作同步了，难道我也是猫猫？,32,12,http://z.aisaiya.com/gif/202004/small41d60aa37c1881b1c8747401e6bf8b2f.gif,卖萌
滴滴司机被投诉闭眼开车，一怒之下视频证清白,50,8,http://z.aisaiya.com/gif/202004/smalle35559c13d4891b338d875340c84ba3f.gif,
讲真，得不到的女人才是最好的,30,18,http://z.aisaiya.com/gif/202004/small8f95ab9d18e2ed066eb89ff248673406.gif,福利
前台的偶遇，爱情来的太快就像龙卷风,24,50,http://z.aisaiya.com/gif/202004/small11f7a910432bebf4ae3dacfa464a6bbb.gif,妹子
浅笑安然,30,60,http://z.aisaiya.com/gif/202004/small351a69a9e4a70c8be614e455408da7af.gif,妹子
这空姐的气质太好了吧？,23,25,http://z.aisaiya.com/gif/202004/smalld806764ed101f27aa453cb8042d0fe31.gif,卖萌
哈哈哈叫你上厕所不关门！,25,13,http://z.aisaiya.com/gif/202004/small0ff7f16f9577f0b0a88729d4bc3469e4.gif,卧槽
这样的快乐已经没有了,45,11,http://z.aisaiya.com/gif/202004/small04466b41b0c656d2ed74ee6bd1401e60.gif,
随机选中一名幸运路人、倒在你面前…,26,15,http://z.aisaiya.com/gif/202004/small5ac4bc04e26b0230594afcca23f8f135.gif,
村霸遇上新犊子,19,11,http://z.aisaiya.com/gif/202004/small577671bf4a3b480dbc422de2c83b75cb.gif,
当你尝试在朋友面前耍帅,20,13,http://z.aisaiya.com/gif/202004/small4a954594988f967c892e795d37f51b51.gif,装逼
师傅停一下，有人卡车门了哈哈哈哈,19,9,http://z.aisaiya.com/gif/202004/smallc0b028c8d02579b3ee8983ea97b4297c.gif,
所说这是一种风俗，包的越多越德高望重,21,16,http://z.aisaiya.com/gif/202005/small6bffb57c8d67b867630fb10090b3ed19.gif,奇葩
这个暴脾气的姐姐，喜欢了,9,10,http://z.aisaiya.com/gif/202005/small313fe37978ecaa87516c08915bed75a4.gif,伤不起
哈哈哈哈对面的弟弟看傻了,35,15,http://z.aisaiya.com/gif/202005/small0fff9dbbee20842eafa798165b661f40.gif,城会玩
孩子：难怪走路那么累，原来是姿势不对啊,26,7,http://z.aisaiya.com/gif/202005/small0b971551cb59e6c2b77df63bc0975f19.gif,
烂透了的工作是什么样,54,104,http://z.aisaiya.com/gif/202005/small959bc168e499e32b73ab97351cbfb18b.gif,重口味
戴口罩吃东西的正确方式!,14,15,http://z.aisaiya.com/gif/202005/small9dd0a5851e8d923a3b241acc548b404d.gif,吓尿了
角蛙活吞鼠,26,22,http://z.aisaiya.com/gif/202005/small07cb985258e603357ef601f2148e35fd.gif,老鼠
扶墙穿鞋我笑死了宝宝高估了自己的大长腿,16,15,http://z.aisaiya.com/gif/202005/small1a51546a1c7547099c20f17e73402a3e.gif,
紫外线灯下才能发现的危险,20,20,http://z.aisaiya.com/gif/202005/small81f75b8c7536542ef2856fb3e19a1833.gif,猎奇
思路清奇的哈士奇,16,8,http://z.aisaiya.com/gif/202005/small4026bbf30b78f1864863c9bdb12f61ae.gif,哈士奇
来啊助理，中午给摄像加个鸡腿,23,16,http://z.aisaiya.com/gif/202004/small1c66264e32b40c37398243fbf679b590.gif,抖动美女胸部
你怎么就放手了，我怎么装逼？,51,15,http://z.aisaiya.com/gif/202004/small7dc69f8f74cbeb478ea257234c398b61.gif,汪星人
鞋厂饲养员工作日常 ​​​​,20,8,http://z.aisaiya.com/gif/202004/smallef2082f6a733e4382abb9a09cfc3d535.gif,
这打击感太棒了,127,6,http://z.aisaiya.com/gif/202004/small11d915bb19a52a7f55428080fa203bf2.gif,熊孩子
编帽绳，学会了学会了 ​​​​,20,14,http://z.aisaiya.com/gif/202004/small50682f3a49d578e99b31f52037a96d65.gif,神技术
这是哪位老师！ ​​​​,34,20,http://z.aisaiya.com/gif/202004/small6b52e209b023b477f4b37069eab87c49.gif,
母女大变身，歪果人真会玩,21,31,http://z.aisaiya.com/gif/202004/smallcd29838982158fa9b6c975771ada4371.gif,
这是什么节目小姐姐？,33,14,http://z.aisaiya.com/gif/202004/smalla9b6ceca89ac1874324355a7b08176f8.gif,
女主播跳舞的这气质你有抵抗力？,30,40,http://z.aisaiya.com/gif/202004/smallea148766497dc84fb46cc3cfb0403ba9.gif,
玩手机还是在秀腿啊,12,22,http://z.aisaiya.com/gif/202004/small9824044c702bc04c6f7897344ebbc009.gif,
死神来啦？？,20,18,http://z.aisaiya.com/gif/202005/smalldb8e50dfeb3a12d0f3a891f176c0e0bc1589679172.gif,撕裂美女衣
这对男人来说到底是天堂还是地狱？？？,16,7,http://z.aisaiya.com/gif/202005/smallc596426a8a5ddd86057a75d9bdea83de.gif,福利
看到了一条诱人的蚯蚓……,13,11,http://z.aisaiya.com/gif/202005/smallc6195dd91f5cb70be813eaeff9a2e49e.gif,逗比
对付女孩最实用的技能，学习了,9,11,http://z.aisaiya.com/gif/202005/smallbef768a5453842f00e07554c0f424e84.gif,涨姿势
牛仔的致命失误,18,11,http://z.aisaiya.com/gif/202005/smalla9efa65e2e33408be10f5cf7359bf2d8.gif,斗牛
啦啦队员脚好疼,16,11,http://z.aisaiya.com/gif/202005/smalld44c394f6a34b6626e3c2b5e4113688c.gif,不忍直视
迪拜土豪是如何玩井字棋的？,9,9,http://z.aisaiya.com/gif/202005/small041bd7809e2b6e11f31a54ba768761ad.gif,城会玩
第一天来四川的广东人,14,10,http://z.aisaiya.com/gif/202005/smalla0774753318f39487ce8d01fceb19faa.gif,伤不起
这样的醒酒器，你怕吗？,17,17,http://z.aisaiya.com/gif/202005/smallfbcccff7cdd9f59e9a29c472d3596066.gif,奇葩
练出真正的细腰,37,24,http://z.aisaiya.com/gif/202005/smallba497d485dde5a5a75335a1e3e6b0bf0.gif,涨姿势
味道还不错，有点上头,28,19,http://z.aisaiya.com/gif/202004/small9b331436a31b837d13c5bdd221f29324.gif,卧槽
娶这样的“媳妇”需要注意什么？,39,25,http://z.aisaiya.com/gif/202004/smallae8d2bec7373aa81fd451d2a70729cf1.gif,福利
瑜伽女老师开课了，来吧,10,21,http://z.aisaiya.com/gif/202004/smalld90a0d5132ea1f201f38f025720f843e.gif,韩国美女
一女子与店员起争执，一言不合现场拉了一坨屎，直接扔了过去,174,31,http://z.aisaiya.com/gif/202004/smalla3c9a39ec98d9e3db9563941406a8580.gif,卧槽
抢方向盘、跳上驾驶座踩公交车司机，女子被刑拘,20,15,http://z.aisaiya.com/gif/202004/smalld1af5910ddab5ee0b5f5ae6ce18759c6.gif,妹子
女生做题的思考方式,23,13,http://z.aisaiya.com/gif/202004/small3bb45b5eadad3936b425e5500b5ec1b2.gif,
唉。活的不如栏杆，不能与她身体接触~,21,19,http://z.aisaiya.com/gif/202004/small9c50f3fae9e3734c3142769d93c7fb2c.gif,妹子
我要不是为了工资我早就跟你拼了,17,18,http://z.aisaiya.com/gif/202004/smallc6c029c974066242a210d1d7ff8eaaa3.gif,蛋疼
这是失传已久的电光毒龙钻吗请问,25,19,http://z.aisaiya.com/gif/202004/smallbbd94f882247f96a307564a249031d68.gif,奇葩
这双高跟鞋，请原谅我不厚道的笑了,19,16,http://z.aisaiya.com/gif/202004/smallddd30a1ccf56134083b59e2af1acc71d.gif,坑爹啊
美女试穿旗袍，如何算是好看？,42,45,http://z.aisaiya.com/gif/202004/small806261a9d13f47aabe68122175b2afa3.gif,福利
这个防护可还行？？ ​​​​,59,16,http://z.aisaiya.com/gif/202004/small0fdc925ac3e64f1919121adff1960a31.gif,
女朋友今天这个动作，这是什么意思？,17,9,http://z.aisaiya.com/gif/202004/small2d6a84cf5a8bbe4e2b8c35549a4684a31586915929.gif,卖萌
找这样的老婆要什么条件啊,22,14,http://z.aisaiya.com/gif/202004/small8ecc41626e0132f0f3c80b6cf7657dcf.gif,妹子
遇到这样的小伙伴就绝交吧，可能你们不太适合在一起玩耍,87,23,http://z.aisaiya.com/gif/202004/small73e89e4a926524d5b1b4f6f15ed1f86c.gif,坑爹啊
酒吧可以去，酒不能随便喝,58,19,http://z.aisaiya.com/gif/202004/small09ff90245043d5b6000bba5f120aab93.gif,妹子
如果时间停止了，和众美女喝酒的瞬间你会干吗？,28,21,http://z.aisaiya.com/gif/202004/smallee58d80a2ab3bd2d4b88cc02530d3e49.gif,福利
非常逼真的的污场景模拟啊,52,28,http://z.aisaiya.com/gif/202004/small6e542c1f50c2befca4f0c84341e9dc40.gif,奇葩
我要这么跑，那早都喘不上气趴地上了,69,11,http://z.aisaiya.com/gif/202004/small7f11ffec45d396a8af59adcfc225bf7c.gif,跑酷
姑娘好像有点可爱了啊 ​​​​,12,27,http://z.aisaiya.com/gif/202004/small584491de77637c77a9758eda2aab56d1.gif,卖萌
青铜就是青铜，在怎么热身都没用,19,9,http://z.aisaiya.com/gif/202004/small5a2da02c9ff55779d784519f733836e4.gif,妹子
微胖的女生，最好看了 ​​​​,41,35,http://z.aisaiya.com/gif/202004/small606320856cd40373b9effd2b3ab5465c.gif,妹子
你会让你女朋友穿豹纹裤子去健身吗？,14,23,http://z.aisaiya.com/gif/202004/smallb7d759e0f42d844493958d4653cc9e0f.gif,妹子
一条毫无尊严的鲨鱼，这泳姿跟谁学的？,18,7,http://z.aisaiya.com/gif/202004/small2f28b53a5101bbe79ef2a59bf55e45fe.gif,鲨鱼
论熟知地形的重要性,44,19,http://z.aisaiya.com/gif/202004/smallf195dd21be53bd75a8a733b1a854f68f.gif,汪星人
这是什么窒息操作啊,37,18,http://z.aisaiya.com/gif/202004/small465c10a7eeed8aee529199b209ff84af.gif,装逼
想骗我买风扇…,144,26,http://z.aisaiya.com/gif/202004/smallda997a076bd94bcc84aea9fffb064433.gif,
美女床上日常健身的意义何在？,70,24,http://z.aisaiya.com/gif/202004/small5c73b38edeedbbf3e546956702259446.gif,卖萌
大妹子这是V字脸吗,21,14,http://z.aisaiya.com/gif/202004/small5236300eb1f574cf3d0e68aa4cfad93c.gif,妹子
不要吝惜你的爱心，哈哈付出就会有回报。。。,195,15,http://z.aisaiya.com/gif/202004/smallc8c5340a35f14e9e1b6029d781dfa935.gif,汪星人
妹妹的腰，夺命的刀！,13,14,http://z.aisaiya.com/gif/202004/small385a9d84d91bf19c8670805b6565f552.gif,妹子
这身材高级了？,39,43,http://z.aisaiya.com/gif/202004/small6cc788d920e01bb4e9b36b938231241e.gif,
女主播这样有人会头疼了吧,22,25,http://z.aisaiya.com/gif/202004/small88743b9089d0fe13a61e3b7d17f85a4f.gif,妹子
一句卧槽差点说出口,53,17,http://z.aisaiya.com/gif/202004/small39e658c7c24bd84dfaf124be059335df.gif,
太抢风头的话......拍档会不高兴,32,16,http://z.aisaiya.com/gif/202004/small3fc2d1a078b0941593c1b468334d793a.gif,妹子
大妹子你们城里的床真厉害,32,13,http://z.aisaiya.com/gif/202004/small964b8b38da539c313b51844efe55ae99.gif,妹子
防火防盗防不住隔壁老王,22,91,http://z.aisaiya.com/gif/202004/smallb540064899e0f4da8a0c8c470837c30d.gif,妹子
跳舞的舌头，这样的女朋友你受得了吗,110,86,http://z.aisaiya.com/gif/202004/small7f047f1f1ce8f7e9b9560ff7bfd67f6a.gif,神技术
为什么房子里放了这么多茄子，是姐夫吗小姐姐？,19,16,http://z.aisaiya.com/gif/202004/small24f00d7d0f9ae3f08a60231b42e8e6c3.gif,妹子
这是要上什么课呢 女老师,18,21,http://z.aisaiya.com/gif/202004/smallf982608fc5be211fc01bb491113e010c.gif,妹子
当时我只想好好溜个沙,45,9,http://z.aisaiya.com/gif/202004/small48c4b67f568fe7c616632cc33f7558bc.gif,坑爹啊
其实我不想装逼，可是实力不允许啊,41,7,http://z.aisaiya.com/gif/202004/small8661767bb201326d42cec497d96dc6d4.gif,装逼
凡人，朕是那么容易挡住的吗,50,7,http://z.aisaiya.com/gif/202004/small568008a408b7544ca527715eac85b118.gif,喵星人
这次隔壁老王真的出事了！,182,18,http://z.aisaiya.com/gif/202004/smallacfd6731c2b707bee70c0c55ed468b73.gif,坑爹啊
邻家女司机夏天出门记得带伞，要不要棒棒她,19,20,http://z.aisaiya.com/gif/202004/smallcb168c7c275987be7eb83a7800461402.gif,妹子
大妹纸床上瑜伽吗？,20,46,http://z.aisaiya.com/gif/202004/small1fdfa9f1967f31d58df85c4de054ffef.gif,妹子
这样你敢撩吗？乌黑长发双眼皮樱桃嘴,16,29,http://z.aisaiya.com/gif/202004/small2aaee400cf68a39f0350ee60f4130779.gif,卖萌
萨摩：不是我不敢跟它干 我是瞅着它怕笑场,26,14,http://z.aisaiya.com/gif/202004/smallb84f7e9eec9313d3b77a67ea1d313c07.gif,汪星人
这个气泡方法，是否超想玩？,21,18,http://z.aisaiya.com/gif/202004/small9f08208217cf38999aea9afece8ecb88.gif,神技术
对咬嘴唇的美女,9,63,http://z.aisaiya.com/gif/202004/smalla41890f23c3163074ec1a12eb12c5509.gif,妹子
瞪视我的美女，插着脸是啥意思呀！,11,16,http://z.aisaiya.com/gif/202004/small49c0f4ce655bc5e4e7ff07f9cfdfee2b.gif,妹子
你们的女朋友在家里都穿这样拍摄啊？,12,18,http://z.aisaiya.com/gif/202004/small159ff92303911506e77673be2a83a275.gif,妹子
大姑凉这个大清早的懒腰姿势，秀气迷人啊,30,22,http://z.aisaiya.com/gif/202004/smallf173ddb977b2716b25e62ef8ef48c106.gif,福利
像阳光一样甜吗？,14,29,http://z.aisaiya.com/gif/202004/smallc29309bd780197412ec1c2b7c1eef871.gif,妹子
女人年轻真好,29,14,http://z.aisaiya.com/gif/202004/small3f2528b9d4d79cbb290455fd99e64eab.gif,卖萌
这身打扮不错吧小裙子兔耳朵妹纸,13,14,http://z.aisaiya.com/gif/202004/small7d67b495877cf238cd2866293a27e116.gif,妹子
人工智能体温检测有点恶搞,27,13,http://z.aisaiya.com/gif/202004/small1b7c707e1323c2897891ad10ac4192d3.gif,
导师给了你一个研究方向,22,9,http://z.aisaiya.com/gif/202004/smallc66f5757ae0053a2db56313d78815fb7.gif,汪星人
换了100多个女朋友才练出来这一球,23,9,http://z.aisaiya.com/gif/202004/small0dff3c7f431b14695c829e41bd460a17.gif,坑爹啊
肤白嫩嫩又这么可爱谁顶得住？,23,59,http://z.aisaiya.com/gif/202004/smalld01a82897f0ae9e748f3a42ffb4f3b28.gif,卖萌
糟糕，是心动的感觉 ​​​​,20,23,http://z.aisaiya.com/gif/202004/small0b4cd6726ecd744f90aed57f2010a95c.gif,妹子
对有锁骨的女生你有抵抗力？ ​​​​,14,15,http://z.aisaiya.com/gif/202004/smalle3188692bd47cd53d9f7296059fe8486.gif,妹子
有点害羞的感觉真好！,26,15,http://z.aisaiya.com/gif/202004/small87bfe50b92ce822af60bdb5087667106.gif,
这身材穿紧身衣会怎么样,32,18,http://z.aisaiya.com/gif/202004/smallc3ce5f5b9cea0a82b0678037cd09f4e9.gif,福利
怎么说还是小蛮腰好看！ ​​​​,14,14,http://z.aisaiya.com/gif/202004/small60073a06f42cd5433abd0291dea1b1c9.gif,妹子
"兔子, 兔子在哪!!! 我要赛跑",62,17,http://z.aisaiya.com/gif/202004/smalle092469889a443071bb226ca9233b88b.gif,
半个月营业额没有了，国外网红雪糕骚操作,29,16,http://z.aisaiya.com/gif/202004/smallec6dcff5382aebf4d24e243d0ddd1d66.gif,
妹子你这味大，喘口气真难,74,17,http://z.aisaiya.com/gif/202004/small12c7c9b64eb613e9a1b1df9e826788c9.gif,福利
这些创意广告比电视剧情都好看，让人脑洞大开,32,11,http://z.aisaiya.com/gif/202004/small5d0bbfd412c50106bfc11e03a68627a5.gif,卧槽
鸭梨好吃吗姐姐,22,18,http://z.aisaiya.com/gif/202004/small0b4f915ffbf4b48663f3a7d43986864b.gif,福利
那一夜，是我伤害了你！ 走路成八字,38,56,http://z.aisaiya.com/gif/202004/small681f3cb7a894c48cde098d33435ffd98.gif,懵逼
天秀！这操作稳中带皮4P,53,9,http://z.aisaiya.com/gif/202004/smallf2128e31aa6edfcbb7ea6c5c1618afef.gif,卧槽
抓紧一切零碎时间学习专业知识,78,13,http://z.aisaiya.com/gif/202004/smallc4cbe6b51d6b0f97108f691d0f5c458d.gif,坑爹啊
对肉嘟嘟的女孩谁有抵抗力？,72,115,http://z.aisaiya.com/gif/202003/small3a27b43fe08e4b6e44593ab497f47e56.gif,福利
刚刚发生了什么，大家说谁知道,65,37,http://z.aisaiya.com/gif/202003/smallf1c850ffdf0e6282fc2213793e2a9d0f.gif,内涵
你们那边。这个叫什么美女这样的比赛,19,9,http://z.aisaiya.com/gif/202003/small117a3b9236995335f0d88b02a24a5bb4.gif,妹子
女人最可怕的时刻，哈哈哈哈自己都怕,34,13,http://z.aisaiya.com/gif/202003/small1dd6e1a021ee2c561dfead65818aa232.gif,奇葩
感觉大妹纸可以活活跳腻了,25,38,http://z.aisaiya.com/gif/202003/smallda0ad679ce7130ecc6c4cafd053fc66e.gif,卖萌
谁来拯救一下我们的女超人！,54,12,http://z.aisaiya.com/gif/202003/small5c5ed0a5d27d3442b1ae1868eb86e92c.gif,奇葩
谁能告诉我这是练什么？,21,21,http://z.aisaiya.com/gif/202003/smalle6957f8d5aa5f8be90f610d9a2656253.gif,妹子
职业装美女量体重的第一反应...,24,20,http://z.aisaiya.com/gif/202003/small56b2922ce70ca9f2a1c57a19d353018d.gif,妹子
这个颜值给打多少分呢！能歌善舞,7,19,http://z.aisaiya.com/gif/202003/smallb165fc4317d5b6595d9d15675af91ba4.gif,妹子
你是不是太紧张了美女！直接这样就下去了！,16,18,http://z.aisaiya.com/gif/202003/small731af779c623b990144320cad53eae77.gif,坑爹啊
有一个调皮的闺蜜是怎样的体验,42,15,http://z.aisaiya.com/gif/202003/small8bdc32aa1162947836dabc059b47b0fd.gif,妹子
你说你咬电池干嘛,29,11,http://z.aisaiya.com/gif/202003/smallcdc5a0d5b5381b1e5fe782e129fb7e50.gif,坑爹啊
有跑车又怎样？还不是输得彻底！,46,8,http://z.aisaiya.com/gif/202003/smalld73bc234160ce626063c9d6cf6d1b642.gif,
虎落平阳被犬骑,44,13,http://z.aisaiya.com/gif/202003/small330cb93078aa73fb2b4453857320b6db.gif,汪星人
那个十年前没娶我的男孩，你后悔了吗？,17,81,http://z.aisaiya.com/gif/202003/small7bbd0e725b3a1667cd22b28f564a98d9.gif,妹子
有事就说事，这么干也太嚣张了吧！,18,9,http://z.aisaiya.com/gif/202003/small648c50bb2c6ae754609cd30bee3fba0d.gif,
菇凉这个算几分熟的舞？,10,31,http://z.aisaiya.com/gif/202003/smallf24d4733445ca8cd79328784381076ad.gif,福利
超级毒龙，一看就是老手，这屁股还能要？,24,10,http://z.aisaiya.com/gif/202003/small8187c01d52382045bd37fde49b429ab8.gif,神技术
这就是你们一直看的女主播封面~,16,13,http://z.aisaiya.com/gif/202003/smallbf40552a390705384b7e65062a66893c.gif,妹子
兄弟  你经历过绝望吗,18,13,http://z.aisaiya.com/gif/202003/small4ff5216e1c3707fd15dde0236247e0cd.gif,骚年
哎呀好气啊！可是还要保持围笑哈哈,12,9,http://z.aisaiya.com/gif/202003/small92ffaa97c4e73b030a2e39fd7fbfc276.gif,汪星人
车内的大长腿~真像极了爱情。。,38,71,http://z.aisaiya.com/gif/202003/smalle1224c9879006e6960b6b40732b19cb6.gif,橹管
有点仓老师的感觉？,14,18,http://z.aisaiya.com/gif/202003/smalld3dfd06045f651ba69c4fffdce17a112.gif,橹管
侧颜杀的长发迷人妹纸,10,12,http://z.aisaiya.com/gif/202003/smalla14755b287991f5108b065580e51c3d3.gif,福利
性感可爱的小仙女，爱了,11,18,http://z.aisaiya.com/gif/202003/small513702f7e707a56322fc51f87216f9d8.gif,福利
女人喜欢穿丝袜的真正原因~,10,17,http://z.aisaiya.com/gif/202003/small42a22e71488567902cf2e66a02ecac5c.gif,
惊呆了现场的铲车和小桥车的恶搞事儿,12,9,http://z.aisaiya.com/gif/202003/smallb68f82f8cca164a4396fa814a3756078.gif,神技术
一个艰难的决定？味道很不错,23,32,http://z.aisaiya.com/gif/202003/smallbbee705ef7860a13330a0a207cc77b33.gif,奇葩
都练出翘臀了,22,10,http://z.aisaiya.com/gif/202003/small8cf8d9863598c7dbf942dec21ff69851.gif,牛逼
两个人包了一个工程，农民工的苦生活,43,16,http://z.aisaiya.com/gif/202003/small8dd038b7877fb53d22605464a5dc1c3d.gif,
让人心动的一瞬间，直接心血来潮？,10,14,http://z.aisaiya.com/gif/202003/smallcd8117afd695db86a75f931ae27b7b07.gif,福利
瑜伽女老师这个姿势，着实让人心动啊,24,15,http://z.aisaiya.com/gif/202003/small0c3bf68343df910a2834762ab2066528.gif,抖动美女胸部
左边的才叫微胖，右边的叫？,11,13,http://z.aisaiya.com/gif/202003/smallc9518a1e46c7374e1f8250aaf5469ff8.gif,抖动美女胸部
身体是一个比一个硬朗啊！,18,9,http://z.aisaiya.com/gif/202003/small22254a08838c6cb1b7b375eebb022787.gif,
那些笑死人不偿命的逗逼们哈哈哈哈哈,44,45,http://z.aisaiya.com/gif/202003/small45f6725db9602d1a05491966202ba193.gif,恶搞
短发叉腰真好看,46,36,http://z.aisaiya.com/gif/202003/small0274965ee432b3d24cbd91a153eaae90.gif,抖动美女胸部
还敢这么晚喝醉回家不！,25,14,http://z.aisaiya.com/gif/202003/small65dfcfb97450d36001fa97bdc0d3102f.gif,恶搞
美女损友就是你一生的噩梦，哈哈哈哈总是让你防不胜防,21,17,http://z.aisaiya.com/gif/202003/small52badb3d076e6c19f08cfa254685e011.gif,福利
家里有对双胞胎还是不错的，哈哈,12,16,http://z.aisaiya.com/gif/202003/smalla0b39c335033749dffb8c90da586da2e.gif,恶搞
冲着大妈这劲头也不能输啊,29,13,http://z.aisaiya.com/gif/202003/smallcc20bb509511de06df40383f2dab393e.gif,节操
像你这么无聊的还有20个,14,15,http://z.aisaiya.com/gif/202003/small67a2b2ab9a81310477584872dd1a654f.gif,骚年
那个……白色液体……也要用自己的嘛..很内涵哟,13,21,http://z.aisaiya.com/gif/202003/small7b6fa8d68ea3d8e54a341d5b5ed86104.gif,奇葩
变脸升级版吗,22,5,http://z.aisaiya.com/gif/202003/smallce6f4491d71d5dfc4d459f549a044f22.gif,演技派
从饿了么点了一份美团外卖员,19,13,http://z.aisaiya.com/gif/202003/small5b6ecf9f08504157a1e867f5c7610a85.gif,奇葩
吾观此狗如插标卖首尔,44,10,http://z.aisaiya.com/gif/202003/small4f182eea02111ace8892eac5ee28154c.gif,汪星人
如何制作一件晚礼服,30,6,http://z.aisaiya.com/gif/202003/smallc46c002d9a5fc6dde0638a5347f810d0.gif,骚年
女神永远不知道背后舔狗努力配合的艰辛,12,8,http://z.aisaiya.com/gif/202003/small7c53facb432c97ab67660bfff46571cc.gif,妹子
去吃自助餐，酒足饭饱之后的你,13,12,http://z.aisaiya.com/gif/202003/small31d9542cdbcba3bf999c4a4fc23f26d0.gif,妹子
美女准备出门踏青了吗？,7,10,http://z.aisaiya.com/gif/202003/small3318d07d154dc68b4fd88b19ca6a0478.gif,橹管
继续弘扬汉文化…感觉真的恋爱,15,8,http://z.aisaiya.com/gif/202003/small5ca135c12f2e76f4366f0e8e405ae9d6.gif,妹子
这个身材，科学吗,26,52,http://z.aisaiya.com/gif/202003/small1654cb387ef37b1f8a630a04720aa2b5.gif,抖动美女胸部
看到10s内点赞，近期会得到一笔意外之财,547,41,http://z.aisaiya.com/gif/202003/small959a0461dc431650c4300749d3f1c61e.gif,
媳妇给宝宝做的油饼，孩子看一眼就哭了,23,8,http://z.aisaiya.com/gif/202003/smalle64273aacd7219f160c05d2fa2e68853.gif,
想焊一个桌子，结果... ​​​​,51,14,http://z.aisaiya.com/gif/202003/small129e7e6c4c1ac0c3745a4b084a13551e.gif,卧槽
一个冷知识：海豚喜欢炫富，有鱼吃就是好,27,7,http://z.aisaiya.com/gif/202003/small9533507947911b8df5119be14f8e5d54.gif,海鸥
当你玩游戏时刚想要操作一波的时候,26,10,http://z.aisaiya.com/gif/202003/small487e73e4331074fc71dca02bd3c5e97e.gif,装逼
可以恋爱吗大美女,13,30,http://z.aisaiya.com/gif/202003/smalledbc82a2679c584b8756b71b7c9363c3.gif,抖动美女胸部
这真的带劲,7,26,http://z.aisaiya.com/gif/202003/smalld07f4caae2fbadbc598bd4dfe5486915.gif,女被啪到深处
男朋友要来了，赶紧补个妆,6,17,http://z.aisaiya.com/gif/202003/small8e55d62b436dad8db84d4a4c263b902e.gif,撕裂美女衣
这裙子简直了，能真空透视？,20,14,http://z.aisaiya.com/gif/202003/smalld801351176f1dd7bf172c469de34b52a.gif,撕裂美女衣
美女这是想干吗？,11,12,http://z.aisaiya.com/gif/202003/small43c4850c29df478c5ede9edb8eabc350.gif,抖动美女胸部
以彼之道还施彼身两父子,81,6,http://z.aisaiya.com/gif/202003/small064518d1ec721c3375d82d4d3832c8a9.gif,逗比
第一眼看到以为遇到一个露肩膀的,10,13,http://z.aisaiya.com/gif/202003/smallcc36e57d99964791a018cb5de649d6c7.gif,
看上哪个，进口的！,7,16,http://z.aisaiya.com/gif/202003/small78469cc2c15a59a13d48a3fd4baf08a9.gif,妹子
哈哈哈，你想多了吧,44,80,http://z.aisaiya.com/gif/202003/small154c3245a8da4a55a78de949830e0afa.gif,女被啪到深处
火龙果吃出了生化危机的感觉,40,12,http://z.aisaiya.com/gif/202003/smalle1fe52c202ff474f628bd3b759834095.gif,汪星人
我当时害怕极了鹦鹉打架,24,9,http://z.aisaiya.com/gif/202003/small32da64802a47e352a66e77726eca9dc2.gif,鹦鹉
有时候惊喜就是来得那么的不经意,82,27,http://z.aisaiya.com/gif/202003/smalldec7bbb81da12338c15b8e5cc9c389a5.gif,车祸
你说这样的老婆能做出什么菜？,32,26,http://z.aisaiya.com/gif/202003/small343294750d6f25d860c77ff8874840d8.gif,福利
见到这种女孩子的第一眼你们会看哪里 ？,16,31,http://z.aisaiya.com/gif/202003/smallf2349266a9d150dd2809b50766404167.gif,抖动美女胸部
丝袜大长腿妹子，在桌上想吃什么啊？,16,29,http://z.aisaiya.com/gif/202003/smalle58b29b16d92b07908f9076ae7fe8423.gif,橹管
这只性感美女猫好养吗？,12,30,http://z.aisaiya.com/gif/202003/small9ce93bec1525c97e9f7f49583d9ffb3a.gif,抖动美女胸部
这样撩人吗,18,24,http://z.aisaiya.com/gif/202003/small7333f32884bd16ef26b7234559ee3266.gif,橹管
美女这是起码新姿势？爱了爱了！,9,8,http://z.aisaiya.com/gif/202003/small613e096deeca2093be7e1153551c5ca0.gif,橹管
摇头晃脑的真可爱,12,9,http://z.aisaiya.com/gif/202003/small7f320ae02e41ddffd4d4f107e436cd78.gif,抖动美女胸部
美女这是比翼双飞？,12,9,http://z.aisaiya.com/gif/202003/small2d1e60eebab0b37ae65f8f000e8a8719.gif,抖动美女胸部
洗个衣服美成这个样子,9,7,http://z.aisaiya.com/gif/202003/small703c7b91604013bcd18dac42945ba1a8.gif,抖动美女胸部
小蛮腰厉害了 扭动得好骚,55,54,http://z.aisaiya.com/gif/202003/small36282062a40cb0435882a03601b59e52.gif,抖动美女胸部
知道有的男人结婚后身体为啥不好了吗？,13,14,http://z.aisaiya.com/gif/202003/smallf7bf8d63be477c74cae40cac9df2c9c5.gif,女被啪到深处
这种大长腿谁顶得住啊,26,15,http://z.aisaiya.com/gif/202003/small2841c527135d3aed91ca7915f645a105.gif,撕裂美女衣
这身材可以赞吗,20,36,http://z.aisaiya.com/gif/202003/smallb682969f99e4320de29d4fca23eb2128.gif,妹子
大红唇什么水平啊,18,18,http://z.aisaiya.com/gif/202003/smalld664607d94810ce6e106a0ab7664277c.gif,抖动美女胸部
只有比翼知道怎么选吗,11,17,http://z.aisaiya.com/gif/202003/small6cc6b342c2b24f34e2c0578706babb4a.gif,妹子
这样后摸是什么意思呢,14,11,http://z.aisaiya.com/gif/202003/small30e8105cb9219c2cf03b68a86356c1d5.gif,撕裂美女衣
妹子，不用会那么多姿势，你男友根本用不到,15,13,http://z.aisaiya.com/gif/202003/small2bb7b493a7ce3e73c4b5cd0782cf9ff7.gif,女被啪到深处
大眼睛的姑娘一般长的都挺好看的哈,14,16,http://z.aisaiya.com/gif/202003/small6b0b230072926767f0220927b635465d.gif,抖动美女胸部
看来今晚，一场啪恶战在所难免,16,14,http://z.aisaiya.com/gif/202003/small848be3e1ce97475a9313ef1a9a2b207e.gif,妹子
大妹子没事秀个技,12,4,http://z.aisaiya.com/gif/202003/smalld5ea7aab5b319d2e11ed9d4bf9122d25.gif,
小姐姐这个眨眼，我心都融化了,98,75,http://z.aisaiya.com/gif/202003/smalla8a780d3a24543c72df71c3c62ee2653.gif,
这身材一看就很大气,422,108,http://z.aisaiya.com/gif/202003/small1ef3dcfc260d3ba2753276013871e32d.gif,抖动美女胸部
这运动不错啊,41,49,http://z.aisaiya.com/gif/202003/small50bdd12683dec963cde58e0775d45abc.gif,
如果这是你班主任,46,42,http://z.aisaiya.com/gif/202003/small581c48efbabc3f3955d5e70dc7239144.gif,妹子
有人嘛？妹子在线撩上来！,73,76,http://z.aisaiya.com/gif/202003/smalla035161ec991b509e3d655b1980f17fb.gif,橹管
妹子这是做什么呢 摇摇晃晃的车震吗,72,56,http://z.aisaiya.com/gif/202003/small95f915987dab9bca368da29e62329050.gif,抖动美女胸部
对这样性感的美女毫无抵抗力，软不下去,61,64,http://z.aisaiya.com/gif/202003/small9fb14bc0ddeac35a31301dff4da7ae13.gif,橹管
身材如此妖媚苗条，戴上眼镜像不像性感老师？,57,46,http://z.aisaiya.com/gif/202003/small06027e40636f2cf4b1573968757ff954.gif,橹管
看起来很敬业，这是哪个主播啊,59,51,http://z.aisaiya.com/gif/202003/small52e2a55bf3b1f3ff4fcd1cd563f540c1.gif,抖动美女胸部
这身材可爱吗 凹凸有致,17,15,http://z.aisaiya.com/gif/202003/smallb5aa7141eb7fd4deb7fdde3312886de8.gif,妹子
有这样的女朋友生活会幸福吧,21,13,http://z.aisaiya.com/gif/202003/small2972a220c3d8f0ea44fecbafcbd09497.gif,风骚
喜欢上那个啊？,12,12,http://z.aisaiya.com/gif/202003/smallcfa21f863fe8e51f4b42fa78e67a417b.gif,妹子
这么可爱谁顶得住？,12,14,http://z.aisaiya.com/gif/202003/smalldd7d0a5513bdef4af7f7fe5ce2114207.gif,福利
斋藤飞鸟,14,13,http://z.aisaiya.com/gif/202003/small4b70e4edceae5e87169d2114b3239581.gif,卖萌
好看，就完事了！,19,18,http://z.aisaiya.com/gif/202003/small2f16579296b9e00a289bcb3e96c8af51.gif,
公司新来的秘书，真的不用干活吗？,17,17,http://z.aisaiya.com/gif/202003/small731d091444925282320654542028a934.gif,妹子
这身打扮不错吧,16,13,http://z.aisaiya.com/gif/202003/small7075616da9bb8f63d311a050c242e33b.gif,卖萌
你喜欢深藏不露的女生吗,109,94,http://z.aisaiya.com/gif/202003/smalldb541a8f1198ad9ac246824378475602.gif,
妖媚善舞樱桃红唇，是你喜欢的哪种？,62,77,http://z.aisaiya.com/gif/202003/small7c66839ccc02b46a3210bddc968254c8.gif,
面对这样的身材，俺无法自拔,41,63,http://z.aisaiya.com/gif/202003/smallb1fd2fde8c5a982b014ce6298ee42353.gif,
舔嘴是因为嘴馋吗？,45,32,http://z.aisaiya.com/gif/202003/smallc43f8dcf637749d1e6a1fc957fb9a950.gif,
初恋的感觉，真的很暖心窝,28,32,http://z.aisaiya.com/gif/202003/smalla4ed5f5228286409b600fb0e556edbbf.gif,
这素颜妹子如何？眼镜妹,19,26,http://z.aisaiya.com/gif/202003/small567da552ea59f2023d63e8b0c1ce01f6.gif,妹子
去练舞蹈的女孩子，家人的男人一定很心疼！,33,31,http://z.aisaiya.com/gif/202003/small7810790e4afad2fc985ddc7956a314c2.gif,
做人不要太攀比大  踏踏实实做自己呀,42,33,http://z.aisaiya.com/gif/202003/small0202867981741c3f152504b8c265f214.gif,
这样的场景是多少男人的梦寐以求,59,46,http://z.aisaiya.com/gif/202003/small1102c7a603698289545ab8bb052d8778.gif,
当爱情涉及到金钱时，一切都变得索然无味了,15,20,http://z.aisaiya.com/gif/202003/small8eca68a43856358e0a5245f872018a7e.gif,撕裂美女衣
这只蜥蜴是不是看过迈克尔杰克逊啊,30,15,http://z.aisaiya.com/gif/202003/small4afff3d271954cb8591360467457162a.gif,
看到她想说的第一句话是什么？,52,12,http://z.aisaiya.com/gif/202003/smallae86757a55003129f536548eb8907606.gif,
这步子走的谁顶得住？,16,15,http://z.aisaiya.com/gif/202003/small631b55d62304022e921fde6277f424b0.gif,
这AJ是哪款？,30,20,http://z.aisaiya.com/gif/202003/small43990a351c39999369e603ca2827b891.gif,
眼睛真大，该大的也够大,37,24,http://z.aisaiya.com/gif/202003/small4a701963ee36d52d7ab611c041472fe8.gif,
这样你顶得住吗？,40,459,http://z.aisaiya.com/gif/202003/small65bf30640b67e529e5978d045d4b8e99.gif,
今晚比翼双飞？ ​​​​,25,27,http://z.aisaiya.com/gif/202003/smallcce8e218fda272ba530e1451650523d7.gif,
长腿美女 太不注意形象了吧，买菜还脱鞋啊,45,28,http://z.aisaiya.com/gif/202003/small78c840949526b4c5ba794030f73926f1.gif,
妹子很认真，真的喜欢吃海鲜！,38,46,http://z.aisaiya.com/gif/202003/small7cf8b306a875828674fb5ccdc429f5f4.gif,
干的是最脏的活，却拥有最纯真的笑,556,99,http://z.aisaiya.com/gif/202003/small0a94295565d1ba3561af05395345743b.gif,
一条逆水而行的鱼 像一个没背景努力的孩子！,51,21,http://z.aisaiya.com/gif/202003/small292ea6223e4702b093286dc3bfac322f.gif,
爸爸拍了妈妈的腿一巴掌，儿子的反应,47,23,http://z.aisaiya.com/gif/202003/small7004960b01c6e06c846e20411b06b4e6.gif,
拍照的时候太需要这样一位朋友了,31,25,http://z.aisaiya.com/gif/202003/smallcd046376bd090c21c3a8bcbda9e803851583559475.gif,
换做谁谁不气！,22,7,http://z.aisaiya.com/gif/202003/small172768af68e6c6902865f751b1466276.gif,
小姐姐的笑容逐渐消失！！,45,71,http://z.aisaiya.com/d/file/202003/smalld7be184720f8daa3101873e4ab97a0bc.gif,女被啪到深处
听说妹子这是孔雀开屏，咱也不懂也不敢问,29,42,http://z.aisaiya.com/d/file/202003/small5466aec912aaecc4cb56a9209e95885a.gif,女被啪到深处
妹子是个人才，口罩从来没想到过会成为道具,23,16,http://z.aisaiya.com/d/file/202003/smallb5c1a233dafe0ee2e549e358ed81bf8f.gif,妹子
妹子爱拍视频怎么办啊,24,25,http://z.aisaiya.com/d/file/202003/small5212badd3f37f4b811c72d26d7c5a9c8.gif,女被啪到深处
这样的护士小姐姐，没有人不喜欢吧？,158,128,http://z.aisaiya.com/d/file/202003/small0d4394b2545f14614d1eaf90b237dd3b.gif,妹子
妹子给发过来的，咱也不敢问！！,21,22,http://z.aisaiya.com/d/file/202003/small649d1b8c141fe0f87b9c89d4e93c3474.gif,妹子
姑娘你眨眼伤到我了,37,34,http://z.aisaiya.com/d/file/202003/small0c4652657377f42b6e98c096a864b0ba.gif,
很好，它更棒，这很哈士奇，看来主-人晕倒它发自内心的开心,19,15,http://z.aisaiya.com/d/file/202003/smalleef1bab670589cbaac7d3471409d84d6.gif,
我也就看了几十遍,36,15,http://z.aisaiya.com/d/file/202003/small53f9772674ac61f2d77b51dc2f488b71.gif,浣熊
你这内裤是认真的吗,30,10,http://z.aisaiya.com/d/file/202003/small2ac463d3642b2278891ee1efdbf85a2e.gif,
好不容易温柔一次 还被吓一激灵,40,11,http://z.aisaiya.com/d/file/202003/small08f7bb4ac570198183f2e0899636d415.gif,汪星人
只允许说两字,54,18,http://z.aisaiya.com/d/file/202003/small67a0b01b92219c95732aa10f9bcc95f4.gif,蛋疼
机智的老爸如何给孩子喂饭,38,9,http://z.aisaiya.com/d/file/202003/small837b337a58e041d500431b99f31b0829.gif,
我好像只看见了腿，这也太长了吧,21,28,http://z.aisaiya.com/d/file/202003/small2ed74d1d55817b5971193562ba1a57dc.gif,妹子
你别怪我得瑟，你都半年没让我洗过澡了,18,11,http://z.aisaiya.com/d/file/202003/smalle082fccb559910c7bd73126c55f40f28.gif,大象
回头的时候我感觉我恋爱了,14,16,http://z.aisaiya.com/d/file/202003/small2bcdd9305eb71ee1e27123233cfcc918.gif,萌妹子
我神奇女侠今天要给你点颜色看看!,16,7,http://z.aisaiya.com/d/file/202003/small44fdc04a2fa8e0457cdb1725c0f1bc3c1583024760.gif,妹子
我给你示范一下应该怎么灌篮,118,43,http://z.aisaiya.com/d/file/202003/smalld4cff9b61a07631905d1d1ef085ec5061583024661.gif,逗比
小伙子你他娘的真是个人才,32,30,http://z.aisaiya.com/d/file/202003/small91a33299ad9af74c338fa5b08ec9c10e.gif,
真是一群熊孩子，你们考虑过狗的感受嘛,224,22,http://z.aisaiya.com/d/file/202003/smallcb621d894cae010f040430f127d34509.gif,熊孩子
来呀，相互伤害啊,31,14,http://z.aisaiya.com/d/file/202003/smallb35ff0b2e23ecea8456134bf6f5d8f22.gif,
检验女票身材时候到了,21,15,http://z.aisaiya.com/d/file/202003/small508ad6c5494918ba5bf5c764db4e59e2.gif,女被啪到深处
娃娃脸可爱吗,19,23,http://z.aisaiya.com/d/file/202003/small61e20b01ba4652fe86ff0cdf0ed56fd1.gif,妹子
我嘴皮子咬破了，都模仿不出用嘴比心！,15,9,http://z.aisaiya.com/d/file/202003/smalla462775e300d60125ba9cd296e717682.gif,
真漂亮啊，身材也棒！,46,62,http://z.aisaiya.com/d/file/202003/smallbb2c96678b36d59b3e3bd1111669efdc1583115261.gif,福利
这个cos也太厉害了吧，怎么变身的啊？,56,449,http://z.aisaiya.com/d/file/202003/small53bc0e538d8f834b68eb43dbe00b893a.gif,
狗：你当我瞎么,126,72,http://z.aisaiya.com/d/file/202003/smallf8f26654f35ab90a2da9db487ef7b059.gif,汪星人
感觉背后有一股杀气,83,24,http://z.aisaiya.com/d/file/202003/small352e54bd028f4f0643c70fcee5b17fa8.gif,汪星人
身正影不斜，车翻人不歪,24,12,http://z.aisaiya.com/gif/202003/small60fcc8511420a449f2568d59dbf1fb08.gif,
大爷过于自信了 ​​​​,18,10,http://z.aisaiya.com/gif/202003/small90ddb9fa17c5321c082e6b0a51a6a4ae.gif,装逼
妹子目光呆滞、眼神空洞是犯花痴了嘛,21,35,http://z.aisaiya.com/gif/202003/small800c50192db6237b538e03831ee5e341.gif,女被啪到深处
这个伴娘团质量太高，就问你敢不敢上,16,21,http://z.aisaiya.com/gif/202003/small858fa12c34993c58c4ccd19fbdcc4dd0.gif,妹子
世界远比你想象的更加温情脉脉,32,7,http://z.aisaiya.com/gif/202003/smallbe0b5d8f97394aba1535ea523e1f128f.gif,汪星人
现在小孩子的安全意识真的太强！,32,12,http://z.aisaiya.com/gif/202003/small1f1ce97ca1bd34660c2dc871efa14c75.gif,熊孩子
大汗淋漓的感觉,58,26,http://z.aisaiya.com/gif/202003/small1d92818f768348b4949d40300847975d.gif,抖动美女胸部
来四个字形容这妹子？,18,39,http://z.aisaiya.com/gif/202003/small13d498b5e168583452537f88719df234.gif,女被啪到深处
想不想和你最爱的人一起这样玩！,50,13,http://z.aisaiya.com/gif/202003/smallbe55bef155a358b6c2ecefcfaded5706.gif,
我常常因为不够幼稚，而显得和你们格格不入,54,17,http://z.aisaiya.com/gif/202003/smalldaba703b9d8e26cce9028fe6fe7db9d1.gif,熊孩子
对微胖红唇温暖美女你得受了,18,19,http://z.aisaiya.com/d/file/202002/small8c02de9295f0d82aeed3c5993f14a7ca.gif,妹子
自带安全气囊就不用系安全带了吗？,32,18,http://z.aisaiya.com/d/file/202002/smallc6afea9d47e8ba055b1d2266f8151792.gif,福利
细节感人,44,7,http://z.aisaiya.com/d/file/202002/smallcee7c6b7a03203d7d8e1b5fc02d541cb.gif,
妹子妹子，擦一双多少钱？,34,19,http://z.aisaiya.com/d/file/202002/small50267d873cb37dd0c332340bc8448212.gif,妹子
这样穿出门不会冷吗？,13,15,http://z.aisaiya.com/d/file/202002/smallee70256b3a49bb7feb57123a9b47b02a.gif,妹子
有没有大神鉴定下！,22,21,http://z.aisaiya.com/d/file/202002/smallc7e6c3a0bd826110b6c8f89a2dabd7ba1582947419.gif,妹子
公司新来的mm啥都不会，只会跳舞,15,12,http://z.aisaiya.com/d/file/202002/small89955b5ff462e4e4ef153765f0ee84c0.gif,
美丽的地方，美丽的人,19,14,http://z.aisaiya.com/d/file/202002/smallcce77bbcb062138434f6e759ef72f4bd.gif,
侧颜惊艳的女人 ，俺憋不住拉,12,14,http://z.aisaiya.com/d/file/202002/small7347b3ddc33e67f88523b39a18e6999b.gif,女被啪到深处
正面迎接沙尘暴是什么感觉，据说是澳大利亚,63,25,http://z.aisaiya.com/d/file/202002/small4cb7510076b5735d18cfb596e6384916.gif,国外
这样还不是理想型吗,23,21,http://z.aisaiya.com/gif/202004/small8cda3f2fdc6e6b561252cbac2c71972c.gif,卖萌
不相信美女队友，问题出在哪？,20,26,http://z.aisaiya.com/gif/202004/small49b63d5fbd6312493d84bb3478e174a4.gif,坑爹啊
自己动手，才能找最新鲜最合适的男友食材,15,14,http://z.aisaiya.com/gif/202004/small95a69ae8d899484387d7c94956c08ef5.gif,妹子
这小嘴能治病吧？,38,8,http://z.aisaiya.com/gif/202004/small1db9ba125068c9cd157f6ba97f1d6682.gif,
舞台上转得有点晕呢美女,24,17,http://z.aisaiya.com/gif/202004/small71569e99ad8cc63ff4f3092e43f45207.gif,抖动美女胸部
一顿操作猛如虎~最后一看二百五。,36,9,http://z.aisaiya.com/gif/202004/small341f21cb56d95594ee62c3b1caee326e.gif,
美女只是在普通的进行…锻炼…而已,30,11,http://z.aisaiya.com/gif/202004/smallfe45eb217867c16bcf8f33b4bc6544b4.gif,福利
车冒烟了 谁能告诉我这是怎么了,21,6,http://z.aisaiya.com/gif/202004/small7ff247502cbc16a702de63484e8e5bfa.gif,
会动的小蛮腰，是你最爱的女人吗？,30,26,http://z.aisaiya.com/gif/202004/small955c20a5c2569cb9a6c52ef7bf0d1b32.gif,卖萌
妹子这一嘴，你吓死我了,17,17,http://z.aisaiya.com/gif/202004/small93035a65ff2c57c4a9b32079dbca06be.gif,卖萌
原来这两图是要这样连起来看,40,18,http://z.aisaiya.com/d/file/202002/smallf7e47966450bcc98870fe29c7cf387b6.gif,城会玩
酸菜缸画家……我就想知道这一缸酸菜还能吃吗,21,10,http://z.aisaiya.com/d/file/202002/smalle1a5a336b5001f36739a6cb4ce13c34d.gif,牛逼
这是什么JB玩意,75,32,http://z.aisaiya.com/d/file/202002/smallbcef10fc795105797baa54d6d2f762a7.gif,邪恶
美女表演无手喝果汁的特技,44,34,http://z.aisaiya.com/d/file/202002/smalle07616c076fea819c23a2d44ad66faf7.gif,邪恶
三头印度神,11,22,http://z.aisaiya.com/d/file/202002/smalla0bba35a4409a0019aedb855e484ba1b.gif,印度
充满了生命力的牙龈,38,74,http://z.aisaiya.com/d/file/202002/smallf08151a4bf8998d1b3130f71c4e2d0d6.gif,重口味
是谁，在敲打我窗....,19,12,http://z.aisaiya.com/d/file/202002/small1bb5bb8479783c265fe09ff89f053618.gif,喵星人
他视野里是不是有攻击提示？,83,24,http://z.aisaiya.com/d/file/202002/small8324712722e8c9217925482b69fc5720.gif,车祸
手里的牙签突然就不香了,41,15,http://z.aisaiya.com/d/file/202002/small4addc2922235a202676130721fb86b14.gif,熊猫
对肉肉的女生怎么抵抗？,38,26,http://z.aisaiya.com/d/file/202002/smallf04c1d3c93d697e02d8e19809da2ee3a.gif,不忍直视
开出的条件实在太诱人,31,21,http://z.aisaiya.com/d/file/202002/smallaac2bcf3be119358778fdcdd243d3a32.gif,妹子
这种身材能打几分？,42,28,http://z.aisaiya.com/d/file/202002/small1d5454e22fdf3bde066456cee65af5c4.gif,撕裂美女衣
妹子，这马屁香不香？,45,20,http://z.aisaiya.com/d/file/202002/small2f8e24a376c8c51c891e6ec3fd674d2a.gif,马
鱿鱼的最新隐藏手段,22,11,http://z.aisaiya.com/d/file/202002/smallbc5470d9540489d72457b7e0f33b8e5a.gif,猎奇
这是想让ATM给她刷点礼物吧,25,18,http://z.aisaiya.com/d/file/202002/small3453d249b363ae6a58dd264ddd59865d.gif,撕裂美女衣
这样的妹子去哪找,11,23,http://z.aisaiya.com/d/file/202002/small9db536a164525d9f85a6e30b7076a024.gif,抖动美女胸部
还能这么玩的 ？？？？,31,17,http://z.aisaiya.com/d/file/202002/small3456f5729dbab6a274b5b73066998ce6.gif,女被啪到深处
你完了，今晚要加班,63,81,http://z.aisaiya.com/d/file/202002/small7aea08a30fb889943f23afddfb96cf8f.gif,女被啪到深处
先画一个简单的微笑...再添加一点细节​​​​,109,13,http://z.aisaiya.com/d/file/202002/small11f9b4c3625b8926b35eecc5d8577047.gif,牛逼
你这样，我们得退钱给你,31,10,http://z.aisaiya.com/d/file/202002/small92ce8fc8f8c6961075f581e444958add.gif,给力
